film,channel,channel_rank,channel_id,source_category,status,top_channels_present_for_film,top_channels_total,tracked_review_videos,stored_comments,latest_published_at,latest_scanned_at,retry_priority,note
Andharan,Delite Cinemas,8,UCAPY9agmayYQ5-tYikGlxhA,general_review,checked_no_recent_match,0,8,0,0,,,88,Exact upload feed checked in this discovery run; no recent matching title found.
Angikaaram,Delite Cinemas,8,UCAPY9agmayYQ5-tYikGlxhA,general_review,checked_no_recent_match,0,8,0,0,,,88,Exact upload feed checked in this discovery run; no recent matching title found.
Anthony,Delite Cinemas,8,UCAPY9agmayYQ5-tYikGlxhA,general_review,checked_no_recent_match,0,8,0,0,,,88,Exact upload feed checked in this discovery run; no recent matching title found.
Arjunan Per Paththu,Delite Cinemas,8,UCAPY9agmayYQ5-tYikGlxhA,general_review,checked_no_recent_match,0,8,0,0,,,88,Exact upload feed checked in this discovery run; no recent matching title found.
Dark Giant,Delite Cinemas,8,UCAPY9agmayYQ5-tYikGlxhA,general_review,checked_no_recent_match,0,8,0,0,,,88,Exact upload feed checked in this discovery run; no recent matching title found.
Double Occupancy,Delite Cinemas,8,UCAPY9agmayYQ5-tYikGlxhA,general_review,checked_no_recent_match,0,8,0,0,,,88,Exact upload feed checked in this discovery run; no recent matching title found.
Ego Raman,Delite Cinemas,8,UCAPY9agmayYQ5-tYikGlxhA,general_review,checked_no_recent_match,0,8,0,0,,,88,Exact upload feed checked in this discovery run; no recent matching title found.
Find Me,Delite Cinemas,8,UCAPY9agmayYQ5-tYikGlxhA,general_review,checked_no_recent_match,0,8,0,0,,,88,Exact upload feed checked in this discovery run; no recent matching title found.
Granny,Delite Cinemas,8,UCAPY9agmayYQ5-tYikGlxhA,general_review,checked_no_recent_match,0,8,0,0,,,88,Exact upload feed checked in this discovery run; no recent matching title found.
Happy Raj,Delite Cinemas,8,UCAPY9agmayYQ5-tYikGlxhA,general_review,checked_no_recent_match,0,8,0,0,,,88,Exact upload feed checked in this discovery run; no recent matching title found.
Moondram Kan,Delite Cinemas,8,UCAPY9agmayYQ5-tYikGlxhA,general_review,checked_no_recent_match,0,8,0,0,,,88,Exact upload feed checked in this discovery run; no recent matching title found.
Neelira,Delite Cinemas,8,UCAPY9agmayYQ5-tYikGlxhA,general_review,checked_no_recent_match,0,8,0,0,,,88,Exact upload feed checked in this discovery run; no recent matching title found.
Nizhal,Delite Cinemas,8,UCAPY9agmayYQ5-tYikGlxhA,general_review,checked_no_recent_match,0,8,0,0,,,88,Exact upload feed checked in this discovery run; no recent matching title found.
Sathyavan Savithiri,Delite Cinemas,8,UCAPY9agmayYQ5-tYikGlxhA,general_review,checked_no_recent_match,0,8,0,0,,,88,Exact upload feed checked in this discovery run; no recent matching title found.
Suitcased,Delite Cinemas,8,UCAPY9agmayYQ5-tYikGlxhA,general_review,checked_no_recent_match,0,8,0,0,,,88,Exact upload feed checked in this discovery run; no recent matching title found.
Sweet Rogue Killer,Delite Cinemas,8,UCAPY9agmayYQ5-tYikGlxhA,general_review,checked_no_recent_match,0,8,0,0,,,88,Exact upload feed checked in this discovery run; no recent matching title found.
Tholaivil Oru Kadhal,Delite Cinemas,8,UCAPY9agmayYQ5-tYikGlxhA,general_review,checked_no_recent_match,0,8,0,0,,,88,Exact upload feed checked in this discovery run; no recent matching title found.
Unsaid,Delite Cinemas,8,UCAPY9agmayYQ5-tYikGlxhA,general_review,checked_no_recent_match,0,8,0,0,,,88,Exact upload feed checked in this discovery run; no recent matching title found.
Valluvan,Delite Cinemas,8,UCAPY9agmayYQ5-tYikGlxhA,general_review,checked_no_recent_match,0,8,0,0,,,88,Exact upload feed checked in this discovery run; no recent matching title found.
Andharan,Sudhir Srinivasan,7,UCSHTtPCL2CV5eoj9uMPz_tg,critic_review,checked_no_recent_match,0,8,0,0,,,87,Exact upload feed checked in this discovery run; no recent matching title found.
Angikaaram,Sudhir Srinivasan,7,UCSHTtPCL2CV5eoj9uMPz_tg,critic_review,checked_no_recent_match,0,8,0,0,,,87,Exact upload feed checked in this discovery run; no recent matching title found.
Anthony,Sudhir Srinivasan,7,UCSHTtPCL2CV5eoj9uMPz_tg,critic_review,checked_no_recent_match,0,8,0,0,,,87,Exact upload feed checked in this discovery run; no recent matching title found.
Arjunan Per Paththu,Sudhir Srinivasan,7,UCSHTtPCL2CV5eoj9uMPz_tg,critic_review,checked_no_recent_match,0,8,0,0,,,87,Exact upload feed checked in this discovery run; no recent matching title found.
Dark Giant,Sudhir Srinivasan,7,UCSHTtPCL2CV5eoj9uMPz_tg,critic_review,checked_no_recent_match,0,8,0,0,,,87,Exact upload feed checked in this discovery run; no recent matching title found.
Double Occupancy,Sudhir Srinivasan,7,UCSHTtPCL2CV5eoj9uMPz_tg,critic_review,checked_no_recent_match,0,8,0,0,,,87,Exact upload feed checked in this discovery run; no recent matching title found.
Ego Raman,Sudhir Srinivasan,7,UCSHTtPCL2CV5eoj9uMPz_tg,critic_review,checked_no_recent_match,0,8,0,0,,,87,Exact upload feed checked in this discovery run; no recent matching title found.
Find Me,Sudhir Srinivasan,7,UCSHTtPCL2CV5eoj9uMPz_tg,critic_review,checked_no_recent_match,0,8,0,0,,,87,Exact upload feed checked in this discovery run; no recent matching title found.
Granny,Sudhir Srinivasan,7,UCSHTtPCL2CV5eoj9uMPz_tg,critic_review,checked_no_recent_match,0,8,0,0,,,87,Exact upload feed checked in this discovery run; no recent matching title found.
Happy Raj,Sudhir Srinivasan,7,UCSHTtPCL2CV5eoj9uMPz_tg,critic_review,checked_no_recent_match,0,8,0,0,,,87,Exact upload feed checked in this discovery run; no recent matching title found.
Moondram Kan,Sudhir Srinivasan,7,UCSHTtPCL2CV5eoj9uMPz_tg,critic_review,checked_no_recent_match,0,8,0,0,,,87,Exact upload feed checked in this discovery run; no recent matching title found.
Neelira,Sudhir Srinivasan,7,UCSHTtPCL2CV5eoj9uMPz_tg,critic_review,checked_no_recent_match,0,8,0,0,,,87,Exact upload feed checked in this discovery run; no recent matching title found.
Nizhal,Sudhir Srinivasan,7,UCSHTtPCL2CV5eoj9uMPz_tg,critic_review,checked_no_recent_match,0,8,0,0,,,87,Exact upload feed checked in this discovery run; no recent matching title found.
Sathyavan Savithiri,Sudhir Srinivasan,7,UCSHTtPCL2CV5eoj9uMPz_tg,critic_review,checked_no_recent_match,0,8,0,0,,,87,Exact upload feed checked in this discovery run; no recent matching title found.
Suitcased,Sudhir Srinivasan,7,UCSHTtPCL2CV5eoj9uMPz_tg,critic_review,checked_no_recent_match,0,8,0,0,,,87,Exact upload feed checked in this discovery run; no recent matching title found.
Sweet Rogue Killer,Sudhir Srinivasan,7,UCSHTtPCL2CV5eoj9uMPz_tg,critic_review,checked_no_recent_match,0,8,0,0,,,87,Exact upload feed checked in this discovery run; no recent matching title found.
Tholaivil Oru Kadhal,Sudhir Srinivasan,7,UCSHTtPCL2CV5eoj9uMPz_tg,critic_review,checked_no_recent_match,0,8,0,0,,,87,Exact upload feed checked in this discovery run; no recent matching title found.
Unsaid,Sudhir Srinivasan,7,UCSHTtPCL2CV5eoj9uMPz_tg,critic_review,checked_no_recent_match,0,8,0,0,,,87,Exact upload feed checked in this discovery run; no recent matching title found.
Valluvan,Sudhir Srinivasan,7,UCSHTtPCL2CV5eoj9uMPz_tg,critic_review,checked_no_recent_match,0,8,0,0,,,87,Exact upload feed checked in this discovery run; no recent matching title found.
Andharan,Galatta Plus,6,UCTTUsQJAdGSd2mMsGGfvzhQ,critic_review,checked_no_recent_match,0,8,0,0,,,86,Exact upload feed checked in this discovery run; no recent matching title found.
Angikaaram,Galatta Plus,6,UCTTUsQJAdGSd2mMsGGfvzhQ,critic_review,checked_no_recent_match,0,8,0,0,,,86,Exact upload feed checked in this discovery run; no recent matching title found.
Anthony,Galatta Plus,6,UCTTUsQJAdGSd2mMsGGfvzhQ,critic_review,checked_no_recent_match,0,8,0,0,,,86,Exact upload feed checked in this discovery run; no recent matching title found.
Arjunan Per Paththu,Galatta Plus,6,UCTTUsQJAdGSd2mMsGGfvzhQ,critic_review,checked_no_recent_match,0,8,0,0,,,86,Exact upload feed checked in this discovery run; no recent matching title found.
Dark Giant,Galatta Plus,6,UCTTUsQJAdGSd2mMsGGfvzhQ,critic_review,checked_no_recent_match,0,8,0,0,,,86,Exact upload feed checked in this discovery run; no recent matching title found.
Double Occupancy,Galatta Plus,6,UCTTUsQJAdGSd2mMsGGfvzhQ,critic_review,checked_no_recent_match,0,8,0,0,,,86,Exact upload feed checked in this discovery run; no recent matching title found.
Ego Raman,Galatta Plus,6,UCTTUsQJAdGSd2mMsGGfvzhQ,critic_review,checked_no_recent_match,0,8,0,0,,,86,Exact upload feed checked in this discovery run; no recent matching title found.
Find Me,Galatta Plus,6,UCTTUsQJAdGSd2mMsGGfvzhQ,critic_review,checked_no_recent_match,0,8,0,0,,,86,Exact upload feed checked in this discovery run; no recent matching title found.
Granny,Galatta Plus,6,UCTTUsQJAdGSd2mMsGGfvzhQ,critic_review,checked_no_recent_match,0,8,0,0,,,86,Exact upload feed checked in this discovery run; no recent matching title found.
Happy Raj,Galatta Plus,6,UCTTUsQJAdGSd2mMsGGfvzhQ,critic_review,checked_no_recent_match,0,8,0,0,,,86,Exact upload feed checked in this discovery run; no recent matching title found.
Moondram Kan,Galatta Plus,6,UCTTUsQJAdGSd2mMsGGfvzhQ,critic_review,checked_no_recent_match,0,8,0,0,,,86,Exact upload feed checked in this discovery run; no recent matching title found.
Neelira,Galatta Plus,6,UCTTUsQJAdGSd2mMsGGfvzhQ,critic_review,checked_no_recent_match,0,8,0,0,,,86,Exact upload feed checked in this discovery run; no recent matching title found.
Nizhal,Galatta Plus,6,UCTTUsQJAdGSd2mMsGGfvzhQ,critic_review,checked_no_recent_match,0,8,0,0,,,86,Exact upload feed checked in this discovery run; no recent matching title found.
Sathyavan Savithiri,Galatta Plus,6,UCTTUsQJAdGSd2mMsGGfvzhQ,critic_review,checked_no_recent_match,0,8,0,0,,,86,Exact upload feed checked in this discovery run; no recent matching title found.
Suitcased,Galatta Plus,6,UCTTUsQJAdGSd2mMsGGfvzhQ,critic_review,checked_no_recent_match,0,8,0,0,,,86,Exact upload feed checked in this discovery run; no recent matching title found.
Sweet Rogue Killer,Galatta Plus,6,UCTTUsQJAdGSd2mMsGGfvzhQ,critic_review,checked_no_recent_match,0,8,0,0,,,86,Exact upload feed checked in this discovery run; no recent matching title found.
Tholaivil Oru Kadhal,Galatta Plus,6,UCTTUsQJAdGSd2mMsGGfvzhQ,critic_review,checked_no_recent_match,0,8,0,0,,,86,Exact upload feed checked in this discovery run; no recent matching title found.
Unsaid,Galatta Plus,6,UCTTUsQJAdGSd2mMsGGfvzhQ,critic_review,checked_no_recent_match,0,8,0,0,,,86,Exact upload feed checked in this discovery run; no recent matching title found.
Valluvan,Galatta Plus,6,UCTTUsQJAdGSd2mMsGGfvzhQ,critic_review,checked_no_recent_match,0,8,0,0,,,86,Exact upload feed checked in this discovery run; no recent matching title found.
Andharan,Empty Hand,5,UC8_aMwsn53tncdH-5iLu8-w,roast_commentary,checked_no_recent_match,0,8,0,0,,,85,Exact upload feed checked in this discovery run; no recent matching title found.
Angikaaram,Empty Hand,5,UC8_aMwsn53tncdH-5iLu8-w,roast_commentary,checked_no_recent_match,0,8,0,0,,,85,Exact upload feed checked in this discovery run; no recent matching title found.
Anthony,Empty Hand,5,UC8_aMwsn53tncdH-5iLu8-w,roast_commentary,checked_no_recent_match,0,8,0,0,,,85,Exact upload feed checked in this discovery run; no recent matching title found.
Arjunan Per Paththu,Empty Hand,5,UC8_aMwsn53tncdH-5iLu8-w,roast_commentary,checked_no_recent_match,0,8,0,0,,,85,Exact upload feed checked in this discovery run; no recent matching title found.
Dark Giant,Empty Hand,5,UC8_aMwsn53tncdH-5iLu8-w,roast_commentary,checked_no_recent_match,0,8,0,0,,,85,Exact upload feed checked in this discovery run; no recent matching title found.
Double Occupancy,Empty Hand,5,UC8_aMwsn53tncdH-5iLu8-w,roast_commentary,checked_no_recent_match,0,8,0,0,,,85,Exact upload feed checked in this discovery run; no recent matching title found.
Ego Raman,Empty Hand,5,UC8_aMwsn53tncdH-5iLu8-w,roast_commentary,checked_no_recent_match,0,8,0,0,,,85,Exact upload feed checked in this discovery run; no recent matching title found.
Find Me,Empty Hand,5,UC8_aMwsn53tncdH-5iLu8-w,roast_commentary,checked_no_recent_match,0,8,0,0,,,85,Exact upload feed checked in this discovery run; no recent matching title found.
Granny,Empty Hand,5,UC8_aMwsn53tncdH-5iLu8-w,roast_commentary,checked_no_recent_match,0,8,0,0,,,85,Exact upload feed checked in this discovery run; no recent matching title found.
Happy Raj,Empty Hand,5,UC8_aMwsn53tncdH-5iLu8-w,roast_commentary,checked_no_recent_match,0,8,0,0,,,85,Exact upload feed checked in this discovery run; no recent matching title found.
Moondram Kan,Empty Hand,5,UC8_aMwsn53tncdH-5iLu8-w,roast_commentary,checked_no_recent_match,0,8,0,0,,,85,Exact upload feed checked in this discovery run; no recent matching title found.
Neelira,Empty Hand,5,UC8_aMwsn53tncdH-5iLu8-w,roast_commentary,checked_no_recent_match,0,8,0,0,,,85,Exact upload feed checked in this discovery run; no recent matching title found.
Nizhal,Empty Hand,5,UC8_aMwsn53tncdH-5iLu8-w,roast_commentary,checked_no_recent_match,0,8,0,0,,,85,Exact upload feed checked in this discovery run; no recent matching title found.
Sathyavan Savithiri,Empty Hand,5,UC8_aMwsn53tncdH-5iLu8-w,roast_commentary,checked_no_recent_match,0,8,0,0,,,85,Exact upload feed checked in this discovery run; no recent matching title found.
Suitcased,Empty Hand,5,UC8_aMwsn53tncdH-5iLu8-w,roast_commentary,checked_no_recent_match,0,8,0,0,,,85,Exact upload feed checked in this discovery run; no recent matching title found.
Sweet Rogue Killer,Empty Hand,5,UC8_aMwsn53tncdH-5iLu8-w,roast_commentary,checked_no_recent_match,0,8,0,0,,,85,Exact upload feed checked in this discovery run; no recent matching title found.
Tholaivil Oru Kadhal,Empty Hand,5,UC8_aMwsn53tncdH-5iLu8-w,roast_commentary,checked_no_recent_match,0,8,0,0,,,85,Exact upload feed checked in this discovery run; no recent matching title found.
Unsaid,Empty Hand,5,UC8_aMwsn53tncdH-5iLu8-w,roast_commentary,checked_no_recent_match,0,8,0,0,,,85,Exact upload feed checked in this discovery run; no recent matching title found.
Valluvan,Empty Hand,5,UC8_aMwsn53tncdH-5iLu8-w,roast_commentary,checked_no_recent_match,0,8,0,0,,,85,Exact upload feed checked in this discovery run; no recent matching title found.
Andharan,Second Show,4,UCDyoch6mtkeC_5lNkI9W2OQ,general_review,checked_no_recent_match,0,8,0,0,,,84,Exact upload feed checked in this discovery run; no recent matching title found.
Angikaaram,Second Show,4,UCDyoch6mtkeC_5lNkI9W2OQ,general_review,checked_no_recent_match,0,8,0,0,,,84,Exact upload feed checked in this discovery run; no recent matching title found.
Anthony,Second Show,4,UCDyoch6mtkeC_5lNkI9W2OQ,general_review,checked_no_recent_match,0,8,0,0,,,84,Exact upload feed checked in this discovery run; no recent matching title found.
Arjunan Per Paththu,Second Show,4,UCDyoch6mtkeC_5lNkI9W2OQ,general_review,checked_no_recent_match,0,8,0,0,,,84,Exact upload feed checked in this discovery run; no recent matching title found.
Dark Giant,Second Show,4,UCDyoch6mtkeC_5lNkI9W2OQ,general_review,checked_no_recent_match,0,8,0,0,,,84,Exact upload feed checked in this discovery run; no recent matching title found.
Double Occupancy,Second Show,4,UCDyoch6mtkeC_5lNkI9W2OQ,general_review,checked_no_recent_match,0,8,0,0,,,84,Exact upload feed checked in this discovery run; no recent matching title found.
Ego Raman,Second Show,4,UCDyoch6mtkeC_5lNkI9W2OQ,general_review,checked_no_recent_match,0,8,0,0,,,84,Exact upload feed checked in this discovery run; no recent matching title found.
Find Me,Second Show,4,UCDyoch6mtkeC_5lNkI9W2OQ,general_review,checked_no_recent_match,0,8,0,0,,,84,Exact upload feed checked in this discovery run; no recent matching title found.
Granny,Second Show,4,UCDyoch6mtkeC_5lNkI9W2OQ,general_review,checked_no_recent_match,0,8,0,0,,,84,Exact upload feed checked in this discovery run; no recent matching title found.
Happy Raj,Second Show,4,UCDyoch6mtkeC_5lNkI9W2OQ,general_review,checked_no_recent_match,0,8,0,0,,,84,Exact upload feed checked in this discovery run; no recent matching title found.
Moondram Kan,Second Show,4,UCDyoch6mtkeC_5lNkI9W2OQ,general_review,checked_no_recent_match,0,8,0,0,,,84,Exact upload feed checked in this discovery run; no recent matching title found.
Neelira,Second Show,4,UCDyoch6mtkeC_5lNkI9W2OQ,general_review,checked_no_recent_match,0,8,0,0,,,84,Exact upload feed checked in this discovery run; no recent matching title found.
Nizhal,Second Show,4,UCDyoch6mtkeC_5lNkI9W2OQ,general_review,checked_no_recent_match,0,8,0,0,,,84,Exact upload feed checked in this discovery run; no recent matching title found.
Sathyavan Savithiri,Second Show,4,UCDyoch6mtkeC_5lNkI9W2OQ,general_review,checked_no_recent_match,0,8,0,0,,,84,Exact upload feed checked in this discovery run; no recent matching title found.
Suitcased,Second Show,4,UCDyoch6mtkeC_5lNkI9W2OQ,general_review,checked_no_recent_match,0,8,0,0,,,84,Exact upload feed checked in this discovery run; no recent matching title found.
Sweet Rogue Killer,Second Show,4,UCDyoch6mtkeC_5lNkI9W2OQ,general_review,checked_no_recent_match,0,8,0,0,,,84,Exact upload feed checked in this discovery run; no recent matching title found.
Tholaivil Oru Kadhal,Second Show,4,UCDyoch6mtkeC_5lNkI9W2OQ,general_review,checked_no_recent_match,0,8,0,0,,,84,Exact upload feed checked in this discovery run; no recent matching title found.
Unsaid,Second Show,4,UCDyoch6mtkeC_5lNkI9W2OQ,general_review,checked_no_recent_match,0,8,0,0,,,84,Exact upload feed checked in this discovery run; no recent matching title found.
Valluvan,Second Show,4,UCDyoch6mtkeC_5lNkI9W2OQ,general_review,checked_no_recent_match,0,8,0,0,,,84,Exact upload feed checked in this discovery run; no recent matching title found.
Andharan,Filmi Craft,3,UClF9UTljviumfJf7t-VR5tg,general_review,checked_no_recent_match,0,8,0,0,,,83,Exact upload feed checked in this discovery run; no recent matching title found.
Angikaaram,Filmi Craft,3,UClF9UTljviumfJf7t-VR5tg,general_review,checked_no_recent_match,0,8,0,0,,,83,Exact upload feed checked in this discovery run; no recent matching title found.
Anthony,Filmi Craft,3,UClF9UTljviumfJf7t-VR5tg,general_review,checked_no_recent_match,0,8,0,0,,,83,Exact upload feed checked in this discovery run; no recent matching title found.
Arjunan Per Paththu,Filmi Craft,3,UClF9UTljviumfJf7t-VR5tg,general_review,checked_no_recent_match,0,8,0,0,,,83,Exact upload feed checked in this discovery run; no recent matching title found.
Dark Giant,Filmi Craft,3,UClF9UTljviumfJf7t-VR5tg,general_review,checked_no_recent_match,0,8,0,0,,,83,Exact upload feed checked in this discovery run; no recent matching title found.
Double Occupancy,Filmi Craft,3,UClF9UTljviumfJf7t-VR5tg,general_review,checked_no_recent_match,0,8,0,0,,,83,Exact upload feed checked in this discovery run; no recent matching title found.
Ego Raman,Filmi Craft,3,UClF9UTljviumfJf7t-VR5tg,general_review,checked_no_recent_match,0,8,0,0,,,83,Exact upload feed checked in this discovery run; no recent matching title found.
Find Me,Filmi Craft,3,UClF9UTljviumfJf7t-VR5tg,general_review,checked_no_recent_match,0,8,0,0,,,83,Exact upload feed checked in this discovery run; no recent matching title found.
Granny,Filmi Craft,3,UClF9UTljviumfJf7t-VR5tg,general_review,checked_no_recent_match,0,8,0,0,,,83,Exact upload feed checked in this discovery run; no recent matching title found.
Happy Raj,Filmi Craft,3,UClF9UTljviumfJf7t-VR5tg,general_review,checked_no_recent_match,0,8,0,0,,,83,Exact upload feed checked in this discovery run; no recent matching title found.
Moondram Kan,Filmi Craft,3,UClF9UTljviumfJf7t-VR5tg,general_review,checked_no_recent_match,0,8,0,0,,,83,Exact upload feed checked in this discovery run; no recent matching title found.
Neelira,Filmi Craft,3,UClF9UTljviumfJf7t-VR5tg,general_review,checked_no_recent_match,0,8,0,0,,,83,Exact upload feed checked in this discovery run; no recent matching title found.
Nizhal,Filmi Craft,3,UClF9UTljviumfJf7t-VR5tg,general_review,checked_no_recent_match,0,8,0,0,,,83,Exact upload feed checked in this discovery run; no recent matching title found.
Sathyavan Savithiri,Filmi Craft,3,UClF9UTljviumfJf7t-VR5tg,general_review,checked_no_recent_match,0,8,0,0,,,83,Exact upload feed checked in this discovery run; no recent matching title found.
Suitcased,Filmi Craft,3,UClF9UTljviumfJf7t-VR5tg,general_review,checked_no_recent_match,0,8,0,0,,,83,Exact upload feed checked in this discovery run; no recent matching title found.
Sweet Rogue Killer,Filmi Craft,3,UClF9UTljviumfJf7t-VR5tg,general_review,checked_no_recent_match,0,8,0,0,,,83,Exact upload feed checked in this discovery run; no recent matching title found.
Tholaivil Oru Kadhal,Filmi Craft,3,UClF9UTljviumfJf7t-VR5tg,general_review,checked_no_recent_match,0,8,0,0,,,83,Exact upload feed checked in this discovery run; no recent matching title found.
Unsaid,Filmi Craft,3,UClF9UTljviumfJf7t-VR5tg,general_review,checked_no_recent_match,0,8,0,0,,,83,Exact upload feed checked in this discovery run; no recent matching title found.
Valluvan,Filmi Craft,3,UClF9UTljviumfJf7t-VR5tg,general_review,checked_no_recent_match,0,8,0,0,,,83,Exact upload feed checked in this discovery run; no recent matching title found.
Andharan,KaKi's Talkies,2,UC3Rey0d4AtvWyHVu0SC-VXA,general_review,checked_no_recent_match,0,8,0,0,,,82,Exact upload feed checked in this discovery run; no recent matching title found.
Angikaaram,KaKi's Talkies,2,UC3Rey0d4AtvWyHVu0SC-VXA,general_review,checked_no_recent_match,0,8,0,0,,,82,Exact upload feed checked in this discovery run; no recent matching title found.
Anthony,KaKi's Talkies,2,UC3Rey0d4AtvWyHVu0SC-VXA,general_review,checked_no_recent_match,0,8,0,0,,,82,Exact upload feed checked in this discovery run; no recent matching title found.
Arjunan Per Paththu,KaKi's Talkies,2,UC3Rey0d4AtvWyHVu0SC-VXA,general_review,checked_no_recent_match,0,8,0,0,,,82,Exact upload feed checked in this discovery run; no recent matching title found.
Dark Giant,KaKi's Talkies,2,UC3Rey0d4AtvWyHVu0SC-VXA,general_review,checked_no_recent_match,0,8,0,0,,,82,Exact upload feed checked in this discovery run; no recent matching title found.
Double Occupancy,KaKi's Talkies,2,UC3Rey0d4AtvWyHVu0SC-VXA,general_review,checked_no_recent_match,0,8,0,0,,,82,Exact upload feed checked in this discovery run; no recent matching title found.
Ego Raman,KaKi's Talkies,2,UC3Rey0d4AtvWyHVu0SC-VXA,general_review,checked_no_recent_match,0,8,0,0,,,82,Exact upload feed checked in this discovery run; no recent matching title found.
Find Me,KaKi's Talkies,2,UC3Rey0d4AtvWyHVu0SC-VXA,general_review,checked_no_recent_match,0,8,0,0,,,82,Exact upload feed checked in this discovery run; no recent matching title found.
Granny,KaKi's Talkies,2,UC3Rey0d4AtvWyHVu0SC-VXA,general_review,checked_no_recent_match,0,8,0,0,,,82,Exact upload feed checked in this discovery run; no recent matching title found.
Happy Raj,KaKi's Talkies,2,UC3Rey0d4AtvWyHVu0SC-VXA,general_review,checked_no_recent_match,0,8,0,0,,,82,Exact upload feed checked in this discovery run; no recent matching title found.
Moondram Kan,KaKi's Talkies,2,UC3Rey0d4AtvWyHVu0SC-VXA,general_review,checked_no_recent_match,0,8,0,0,,,82,Exact upload feed checked in this discovery run; no recent matching title found.
Neelira,KaKi's Talkies,2,UC3Rey0d4AtvWyHVu0SC-VXA,general_review,checked_no_recent_match,0,8,0,0,,,82,Exact upload feed checked in this discovery run; no recent matching title found.
Nizhal,KaKi's Talkies,2,UC3Rey0d4AtvWyHVu0SC-VXA,general_review,checked_no_recent_match,0,8,0,0,,,82,Exact upload feed checked in this discovery run; no recent matching title found.
Sathyavan Savithiri,KaKi's Talkies,2,UC3Rey0d4AtvWyHVu0SC-VXA,general_review,checked_no_recent_match,0,8,0,0,,,82,Exact upload feed checked in this discovery run; no recent matching title found.
Suitcased,KaKi's Talkies,2,UC3Rey0d4AtvWyHVu0SC-VXA,general_review,checked_no_recent_match,0,8,0,0,,,82,Exact upload feed checked in this discovery run; no recent matching title found.
Sweet Rogue Killer,KaKi's Talkies,2,UC3Rey0d4AtvWyHVu0SC-VXA,general_review,checked_no_recent_match,0,8,0,0,,,82,Exact upload feed checked in this discovery run; no recent matching title found.
Tholaivil Oru Kadhal,KaKi's Talkies,2,UC3Rey0d4AtvWyHVu0SC-VXA,general_review,checked_no_recent_match,0,8,0,0,,,82,Exact upload feed checked in this discovery run; no recent matching title found.
Unsaid,KaKi's Talkies,2,UC3Rey0d4AtvWyHVu0SC-VXA,general_review,checked_no_recent_match,0,8,0,0,,,82,Exact upload feed checked in this discovery run; no recent matching title found.
Valluvan,KaKi's Talkies,2,UC3Rey0d4AtvWyHVu0SC-VXA,general_review,checked_no_recent_match,0,8,0,0,,,82,Exact upload feed checked in this discovery run; no recent matching title found.
Andharan,Tamil Talkies,1,UCkI-SYGC8fxPNcp6FsX4SRQ,roast_commentary,checked_no_recent_match,0,8,0,0,,,81,Exact upload feed checked in this discovery run; no recent matching title found.
Angikaaram,Tamil Talkies,1,UCkI-SYGC8fxPNcp6FsX4SRQ,roast_commentary,checked_no_recent_match,0,8,0,0,,,81,Exact upload feed checked in this discovery run; no recent matching title found.
Anthony,Tamil Talkies,1,UCkI-SYGC8fxPNcp6FsX4SRQ,roast_commentary,checked_no_recent_match,0,8,0,0,,,81,Exact upload feed checked in this discovery run; no recent matching title found.
Arjunan Per Paththu,Tamil Talkies,1,UCkI-SYGC8fxPNcp6FsX4SRQ,roast_commentary,checked_no_recent_match,0,8,0,0,,,81,Exact upload feed checked in this discovery run; no recent matching title found.
Dark Giant,Tamil Talkies,1,UCkI-SYGC8fxPNcp6FsX4SRQ,roast_commentary,checked_no_recent_match,0,8,0,0,,,81,Exact upload feed checked in this discovery run; no recent matching title found.
Double Occupancy,Tamil Talkies,1,UCkI-SYGC8fxPNcp6FsX4SRQ,roast_commentary,checked_no_recent_match,0,8,0,0,,,81,Exact upload feed checked in this discovery run; no recent matching title found.
Ego Raman,Tamil Talkies,1,UCkI-SYGC8fxPNcp6FsX4SRQ,roast_commentary,checked_no_recent_match,0,8,0,0,,,81,Exact upload feed checked in this discovery run; no recent matching title found.
Find Me,Tamil Talkies,1,UCkI-SYGC8fxPNcp6FsX4SRQ,roast_commentary,checked_no_recent_match,0,8,0,0,,,81,Exact upload feed checked in this discovery run; no recent matching title found.
Granny,Tamil Talkies,1,UCkI-SYGC8fxPNcp6FsX4SRQ,roast_commentary,checked_no_recent_match,0,8,0,0,,,81,Exact upload feed checked in this discovery run; no recent matching title found.
Happy Raj,Tamil Talkies,1,UCkI-SYGC8fxPNcp6FsX4SRQ,roast_commentary,checked_no_recent_match,0,8,0,0,,,81,Exact upload feed checked in this discovery run; no recent matching title found.
Moondram Kan,Tamil Talkies,1,UCkI-SYGC8fxPNcp6FsX4SRQ,roast_commentary,checked_no_recent_match,0,8,0,0,,,81,Exact upload feed checked in this discovery run; no recent matching title found.
Neelira,Tamil Talkies,1,UCkI-SYGC8fxPNcp6FsX4SRQ,roast_commentary,checked_no_recent_match,0,8,0,0,,,81,Exact upload feed checked in this discovery run; no recent matching title found.
Nizhal,Tamil Talkies,1,UCkI-SYGC8fxPNcp6FsX4SRQ,roast_commentary,checked_no_recent_match,0,8,0,0,,,81,Exact upload feed checked in this discovery run; no recent matching title found.
Sathyavan Savithiri,Tamil Talkies,1,UCkI-SYGC8fxPNcp6FsX4SRQ,roast_commentary,checked_no_recent_match,0,8,0,0,,,81,Exact upload feed checked in this discovery run; no recent matching title found.
Suitcased,Tamil Talkies,1,UCkI-SYGC8fxPNcp6FsX4SRQ,roast_commentary,checked_no_recent_match,0,8,0,0,,,81,Exact upload feed checked in this discovery run; no recent matching title found.
Sweet Rogue Killer,Tamil Talkies,1,UCkI-SYGC8fxPNcp6FsX4SRQ,roast_commentary,checked_no_recent_match,0,8,0,0,,,81,Exact upload feed checked in this discovery run; no recent matching title found.
Tholaivil Oru Kadhal,Tamil Talkies,1,UCkI-SYGC8fxPNcp6FsX4SRQ,roast_commentary,checked_no_recent_match,0,8,0,0,,,81,Exact upload feed checked in this discovery run; no recent matching title found.
Unsaid,Tamil Talkies,1,UCkI-SYGC8fxPNcp6FsX4SRQ,roast_commentary,checked_no_recent_match,0,8,0,0,,,81,Exact upload feed checked in this discovery run; no recent matching title found.
Valluvan,Tamil Talkies,1,UCkI-SYGC8fxPNcp6FsX4SRQ,roast_commentary,checked_no_recent_match,0,8,0,0,,,81,Exact upload feed checked in this discovery run; no recent matching title found.
Heartin,Delite Cinemas,8,UCAPY9agmayYQ5-tYikGlxhA,general_review,checked_needs_search_retry,1,8,0,0,,,78,"Upload feed was checked, but other top channels already show coverage; targeted search should keep retrying this pair."
Lakshmikanthan Kolai Vazhakku,Delite Cinemas,8,UCAPY9agmayYQ5-tYikGlxhA,general_review,checked_needs_search_retry,1,8,0,0,,,78,"Upload feed was checked, but other top channels already show coverage; targeted search should keep retrying this pair."
Mr. X,Delite Cinemas,8,UCAPY9agmayYQ5-tYikGlxhA,general_review,checked_needs_search_retry,1,8,0,0,,,78,"Upload feed was checked, but other top channels already show coverage; targeted search should keep retrying this pair."
Heartin,Sudhir Srinivasan,7,UCSHTtPCL2CV5eoj9uMPz_tg,critic_review,checked_needs_search_retry,1,8,0,0,,,77,"Upload feed was checked, but other top channels already show coverage; targeted search should keep retrying this pair."
Lakshmikanthan Kolai Vazhakku,Sudhir Srinivasan,7,UCSHTtPCL2CV5eoj9uMPz_tg,critic_review,checked_needs_search_retry,1,8,0,0,,,77,"Upload feed was checked, but other top channels already show coverage; targeted search should keep retrying this pair."
Mr. X,Sudhir Srinivasan,7,UCSHTtPCL2CV5eoj9uMPz_tg,critic_review,checked_needs_search_retry,1,8,0,0,,,77,"Upload feed was checked, but other top channels already show coverage; targeted search should keep retrying this pair."
Heartin,Galatta Plus,6,UCTTUsQJAdGSd2mMsGGfvzhQ,critic_review,checked_needs_search_retry,1,8,0,0,,,76,"Upload feed was checked, but other top channels already show coverage; targeted search should keep retrying this pair."
Lakshmikanthan Kolai Vazhakku,Galatta Plus,6,UCTTUsQJAdGSd2mMsGGfvzhQ,critic_review,fetched_with_comments,1,8,0,10,,,76,Comment evidence from this channel is stored.
Mr. X,Galatta Plus,6,UCTTUsQJAdGSd2mMsGGfvzhQ,critic_review,checked_needs_search_retry,1,8,0,0,,,76,"Upload feed was checked, but other top channels already show coverage; targeted search should keep retrying this pair."
Heartin,Empty Hand,5,UC8_aMwsn53tncdH-5iLu8-w,roast_commentary,checked_needs_search_retry,1,8,0,0,,,75,"Upload feed was checked, but other top channels already show coverage; targeted search should keep retrying this pair."
Lakshmikanthan Kolai Vazhakku,Empty Hand,5,UC8_aMwsn53tncdH-5iLu8-w,roast_commentary,checked_needs_search_retry,1,8,0,0,,,75,"Upload feed was checked, but other top channels already show coverage; targeted search should keep retrying this pair."
Mr. X,Empty Hand,5,UC8_aMwsn53tncdH-5iLu8-w,roast_commentary,checked_needs_search_retry,1,8,0,0,,,75,"Upload feed was checked, but other top channels already show coverage; targeted search should keep retrying this pair."
Heartin,Second Show,4,UCDyoch6mtkeC_5lNkI9W2OQ,general_review,checked_needs_search_retry,1,8,0,0,,,74,"Upload feed was checked, but other top channels already show coverage; targeted search should keep retrying this pair."
Lakshmikanthan Kolai Vazhakku,Second Show,4,UCDyoch6mtkeC_5lNkI9W2OQ,general_review,checked_needs_search_retry,1,8,0,0,,,74,"Upload feed was checked, but other top channels already show coverage; targeted search should keep retrying this pair."
Mr. X,Second Show,4,UCDyoch6mtkeC_5lNkI9W2OQ,general_review,checked_needs_search_retry,1,8,0,0,,,74,"Upload feed was checked, but other top channels already show coverage; targeted search should keep retrying this pair."
Heartin,Filmi Craft,3,UClF9UTljviumfJf7t-VR5tg,general_review,fetched_with_comments,1,8,1,2,2026-07-02T07:10:05+00:00,2026-08-03T15:05:15.978392+00:00,73,Comment evidence from this channel is stored.
Lakshmikanthan Kolai Vazhakku,Filmi Craft,3,UClF9UTljviumfJf7t-VR5tg,general_review,checked_needs_search_retry,1,8,0,0,,,73,"Upload feed was checked, but other top channels already show coverage; targeted search should keep retrying this pair."
Mr. X,Filmi Craft,3,UClF9UTljviumfJf7t-VR5tg,general_review,checked_needs_search_retry,1,8,0,0,,,73,"Upload feed was checked, but other top channels already show coverage; targeted search should keep retrying this pair."
Heartin,KaKi's Talkies,2,UC3Rey0d4AtvWyHVu0SC-VXA,general_review,checked_needs_search_retry,1,8,0,0,,,72,"Upload feed was checked, but other top channels already show coverage; targeted search should keep retrying this pair."
Lakshmikanthan Kolai Vazhakku,KaKi's Talkies,2,UC3Rey0d4AtvWyHVu0SC-VXA,general_review,checked_needs_search_retry,1,8,0,0,,,72,"Upload feed was checked, but other top channels already show coverage; targeted search should keep retrying this pair."
Mr. X,KaKi's Talkies,2,UC3Rey0d4AtvWyHVu0SC-VXA,general_review,tracked_no_comments,1,8,1,0,2026-06-11T07:30:06+00:00,2026-07-18T12:44:20.615962+00:00,72,"Review evidence tracked, but no stored comments yet."
Heartin,Tamil Talkies,1,UCkI-SYGC8fxPNcp6FsX4SRQ,roast_commentary,checked_needs_search_retry,1,8,0,0,,,71,"Upload feed was checked, but other top channels already show coverage; targeted search should keep retrying this pair."
Lakshmikanthan Kolai Vazhakku,Tamil Talkies,1,UCkI-SYGC8fxPNcp6FsX4SRQ,roast_commentary,checked_needs_search_retry,1,8,0,0,,,71,"Upload feed was checked, but other top channels already show coverage; targeted search should keep retrying this pair."
Mr. X,Tamil Talkies,1,UCkI-SYGC8fxPNcp6FsX4SRQ,roast_commentary,checked_needs_search_retry,1,8,0,0,,,71,"Upload feed was checked, but other top channels already show coverage; targeted search should keep retrying this pair."
Arulvaan,Delite Cinemas,8,UCAPY9agmayYQ5-tYikGlxhA,general_review,checked_needs_search_retry,2,8,0,0,,,68,"Upload feed was checked, but other top channels already show coverage; targeted search should keep retrying this pair."
Habeebi,Delite Cinemas,8,UCAPY9agmayYQ5-tYikGlxhA,general_review,checked_needs_search_retry,2,8,0,0,,,68,"Upload feed was checked, but other top channels already show coverage; targeted search should keep retrying this pair."
Arulvaan,Sudhir Srinivasan,7,UCSHTtPCL2CV5eoj9uMPz_tg,critic_review,checked_needs_search_retry,2,8,0,0,,,67,"Upload feed was checked, but other top channels already show coverage; targeted search should keep retrying this pair."
Habeebi,Sudhir Srinivasan,7,UCSHTtPCL2CV5eoj9uMPz_tg,critic_review,fetched_with_comments,2,8,0,62,,,67,Comment evidence from this channel is stored.
Arulvaan,Galatta Plus,6,UCTTUsQJAdGSd2mMsGGfvzhQ,critic_review,checked_needs_search_retry,2,8,0,0,,,66,"Upload feed was checked, but other top channels already show coverage; targeted search should keep retrying this pair."
Habeebi,Galatta Plus,6,UCTTUsQJAdGSd2mMsGGfvzhQ,critic_review,checked_needs_search_retry,2,8,0,0,,,66,"Upload feed was checked, but other top channels already show coverage; targeted search should keep retrying this pair."
Arulvaan,Empty Hand,5,UC8_aMwsn53tncdH-5iLu8-w,roast_commentary,checked_needs_search_retry,2,8,0,0,,,65,"Upload feed was checked, but other top channels already show coverage; targeted search should keep retrying this pair."
Habeebi,Empty Hand,5,UC8_aMwsn53tncdH-5iLu8-w,roast_commentary,checked_needs_search_retry,2,8,0,0,,,65,"Upload feed was checked, but other top channels already show coverage; targeted search should keep retrying this pair."
Arulvaan,Second Show,4,UCDyoch6mtkeC_5lNkI9W2OQ,general_review,checked_needs_search_retry,2,8,0,0,,,64,"Upload feed was checked, but other top channels already show coverage; targeted search should keep retrying this pair."
Habeebi,Second Show,4,UCDyoch6mtkeC_5lNkI9W2OQ,general_review,fetched_with_comments,2,8,1,57,2026-06-14T11:20:26+00:00,2026-07-25T17:46:50.838967+00:00,64,Comment evidence from this channel is stored.
Arulvaan,Filmi Craft,3,UClF9UTljviumfJf7t-VR5tg,general_review,checked_needs_search_retry,2,8,0,0,,,63,"Upload feed was checked, but other top channels already show coverage; targeted search should keep retrying this pair."
Habeebi,Filmi Craft,3,UClF9UTljviumfJf7t-VR5tg,general_review,checked_needs_search_retry,2,8,0,0,,,63,"Upload feed was checked, but other top channels already show coverage; targeted search should keep retrying this pair."
Arulvaan,KaKi's Talkies,2,UC3Rey0d4AtvWyHVu0SC-VXA,general_review,fetched_with_comments,2,8,1,15,2026-07-18T14:58:56+00:00,2026-08-03T15:05:15.978392+00:00,62,Comment evidence from this channel is stored.
Habeebi,KaKi's Talkies,2,UC3Rey0d4AtvWyHVu0SC-VXA,general_review,checked_needs_search_retry,2,8,0,0,,,62,"Upload feed was checked, but other top channels already show coverage; targeted search should keep retrying this pair."
Arulvaan,Tamil Talkies,1,UCkI-SYGC8fxPNcp6FsX4SRQ,roast_commentary,fetched_with_comments,2,8,2,110,2026-07-20T16:37:12+00:00,2026-08-03T15:05:15.978392+00:00,61,Comment evidence from this channel is stored.
Habeebi,Tamil Talkies,1,UCkI-SYGC8fxPNcp6FsX4SRQ,roast_commentary,checked_needs_search_retry,2,8,0,0,,,61,"Upload feed was checked, but other top channels already show coverage; targeted search should keep retrying this pair."
29,Delite Cinemas,8,UCAPY9agmayYQ5-tYikGlxhA,general_review,checked_needs_search_retry,3,8,0,0,,,58,"Upload feed was checked, but other top channels already show coverage; targeted search should keep retrying this pair."
Blast,Delite Cinemas,8,UCAPY9agmayYQ5-tYikGlxhA,general_review,checked_needs_search_retry,3,8,0,0,,,58,"Upload feed was checked, but other top channels already show coverage; targeted search should keep retrying this pair."
Kara,Delite Cinemas,8,UCAPY9agmayYQ5-tYikGlxhA,general_review,checked_needs_search_retry,3,8,0,0,,,58,"Upload feed was checked, but other top channels already show coverage; targeted search should keep retrying this pair."
Nooru Sami,Delite Cinemas,8,UCAPY9agmayYQ5-tYikGlxhA,general_review,checked_needs_search_retry,3,8,0,0,,,58,"Upload feed was checked, but other top channels already show coverage; targeted search should keep retrying this pair."
29,Sudhir Srinivasan,7,UCSHTtPCL2CV5eoj9uMPz_tg,critic_review,checked_needs_search_retry,3,8,0,0,,,57,"Upload feed was checked, but other top channels already show coverage; targeted search should keep retrying this pair."
Blast,Sudhir Srinivasan,7,UCSHTtPCL2CV5eoj9uMPz_tg,critic_review,checked_needs_search_retry,3,8,0,0,,,57,"Upload feed was checked, but other top channels already show coverage; targeted search should keep retrying this pair."
Kara,Sudhir Srinivasan,7,UCSHTtPCL2CV5eoj9uMPz_tg,critic_review,checked_needs_search_retry,3,8,0,0,,,57,"Upload feed was checked, but other top channels already show coverage; targeted search should keep retrying this pair."
Nooru Sami,Sudhir Srinivasan,7,UCSHTtPCL2CV5eoj9uMPz_tg,critic_review,fetched_with_comments,3,8,0,5,,,57,Comment evidence from this channel is stored.
29,Galatta Plus,6,UCTTUsQJAdGSd2mMsGGfvzhQ,critic_review,checked_needs_search_retry,3,8,0,0,,,56,"Upload feed was checked, but other top channels already show coverage; targeted search should keep retrying this pair."
Blast,Galatta Plus,6,UCTTUsQJAdGSd2mMsGGfvzhQ,critic_review,checked_needs_search_retry,3,8,0,0,,,56,"Upload feed was checked, but other top channels already show coverage; targeted search should keep retrying this pair."
Kara,Galatta Plus,6,UCTTUsQJAdGSd2mMsGGfvzhQ,critic_review,checked_needs_search_retry,3,8,0,0,,,56,"Upload feed was checked, but other top channels already show coverage; targeted search should keep retrying this pair."
Nooru Sami,Galatta Plus,6,UCTTUsQJAdGSd2mMsGGfvzhQ,critic_review,fetched_with_comments,3,8,2,8,2026-06-20T10:40:48+00:00,2026-08-03T15:05:15.978392+00:00,56,Comment evidence from this channel is stored.
29,Empty Hand,5,UC8_aMwsn53tncdH-5iLu8-w,roast_commentary,checked_needs_search_retry,3,8,0,0,,,55,"Upload feed was checked, but other top channels already show coverage; targeted search should keep retrying this pair."
Blast,Empty Hand,5,UC8_aMwsn53tncdH-5iLu8-w,roast_commentary,checked_needs_search_retry,3,8,0,0,,,55,"Upload feed was checked, but other top channels already show coverage; targeted search should keep retrying this pair."
Kara,Empty Hand,5,UC8_aMwsn53tncdH-5iLu8-w,roast_commentary,checked_needs_search_retry,3,8,0,0,,,55,"Upload feed was checked, but other top channels already show coverage; targeted search should keep retrying this pair."
Nooru Sami,Empty Hand,5,UC8_aMwsn53tncdH-5iLu8-w,roast_commentary,checked_needs_search_retry,3,8,0,0,,,55,"Upload feed was checked, but other top channels already show coverage; targeted search should keep retrying this pair."
29,Second Show,4,UCDyoch6mtkeC_5lNkI9W2OQ,general_review,fetched_with_comments,3,8,1,55,2026-05-09T12:52:46+00:00,2026-07-18T12:44:20.615962+00:00,54,Comment evidence from this channel is stored.
Blast,Second Show,4,UCDyoch6mtkeC_5lNkI9W2OQ,general_review,fetched_with_comments,3,8,1,66,2026-05-31T14:04:46+00:00,2026-07-18T12:44:20.615962+00:00,54,Comment evidence from this channel is stored.
Kara,Second Show,4,UCDyoch6mtkeC_5lNkI9W2OQ,general_review,fetched_with_comments,3,8,1,75,2026-05-01T15:03:41+00:00,2026-07-18T12:44:20.615962+00:00,54,Comment evidence from this channel is stored.
Nooru Sami,Second Show,4,UCDyoch6mtkeC_5lNkI9W2OQ,general_review,checked_needs_search_retry,3,8,0,0,,,54,"Upload feed was checked, but other top channels already show coverage; targeted search should keep retrying this pair."
29,Filmi Craft,3,UClF9UTljviumfJf7t-VR5tg,general_review,fetched_with_comments,3,8,1,75,2026-05-08T15:46:30+00:00,2026-07-18T12:44:20.615962+00:00,53,Comment evidence from this channel is stored.
Blast,Filmi Craft,3,UClF9UTljviumfJf7t-VR5tg,general_review,fetched_with_comments,3,8,1,183,2026-05-28T07:48:26+00:00,2026-07-18T12:44:20.615962+00:00,53,Comment evidence from this channel is stored.
Kara,Filmi Craft,3,UClF9UTljviumfJf7t-VR5tg,general_review,checked_needs_search_retry,3,8,0,0,,,53,"Upload feed was checked, but other top channels already show coverage; targeted search should keep retrying this pair."
Nooru Sami,Filmi Craft,3,UClF9UTljviumfJf7t-VR5tg,general_review,checked_needs_search_retry,3,8,0,0,,,53,"Upload feed was checked, but other top channels already show coverage; targeted search should keep retrying this pair."
29,KaKi's Talkies,2,UC3Rey0d4AtvWyHVu0SC-VXA,general_review,fetched_with_comments,3,8,1,43,2026-05-08T13:03:41+00:00,2026-07-18T12:44:20.615962+00:00,52,Comment evidence from this channel is stored.
Blast,KaKi's Talkies,2,UC3Rey0d4AtvWyHVu0SC-VXA,general_review,checked_needs_search_retry,3,8,0,0,,,52,"Upload feed was checked, but other top channels already show coverage; targeted search should keep retrying this pair."
Kara,KaKi's Talkies,2,UC3Rey0d4AtvWyHVu0SC-VXA,general_review,fetched_with_comments,3,8,1,87,2026-04-30T11:35:41+00:00,2026-07-18T12:44:20.615962+00:00,52,Comment evidence from this channel is stored.
Nooru Sami,KaKi's Talkies,2,UC3Rey0d4AtvWyHVu0SC-VXA,general_review,tracked_no_comments,3,8,1,0,2026-07-06T12:30:24+00:00,2026-08-03T15:05:15.978392+00:00,52,"Review evidence tracked, but no stored comments yet."
29,Tamil Talkies,1,UCkI-SYGC8fxPNcp6FsX4SRQ,roast_commentary,checked_needs_search_retry,3,8,0,0,,,51,"Upload feed was checked, but other top channels already show coverage; targeted search should keep retrying this pair."
Blast,Tamil Talkies,1,UCkI-SYGC8fxPNcp6FsX4SRQ,roast_commentary,fetched_with_comments,3,8,1,501,2026-05-28T23:06:49+00:00,2026-07-18T12:44:20.615962+00:00,51,Comment evidence from this channel is stored.
Kara,Tamil Talkies,1,UCkI-SYGC8fxPNcp6FsX4SRQ,roast_commentary,fetched_with_comments,3,8,1,495,2026-04-30T22:54:37+00:00,2026-07-18T12:44:20.615962+00:00,51,Comment evidence from this channel is stored.
Nooru Sami,Tamil Talkies,1,UCkI-SYGC8fxPNcp6FsX4SRQ,roast_commentary,checked_needs_search_retry,3,8,0,0,,,51,"Upload feed was checked, but other top channels already show coverage; targeted search should keep retrying this pair."
Anbe Diana,Delite Cinemas,8,UCAPY9agmayYQ5-tYikGlxhA,general_review,checked_needs_search_retry,4,8,0,0,,,48,"Upload feed was checked, but other top channels already show coverage; targeted search should keep retrying this pair."
Con City,Delite Cinemas,8,UCAPY9agmayYQ5-tYikGlxhA,general_review,checked_needs_search_retry,4,8,0,0,,,48,"Upload feed was checked, but other top channels already show coverage; targeted search should keep retrying this pair."
Gandhi Talks,Delite Cinemas,8,UCAPY9agmayYQ5-tYikGlxhA,general_review,checked_needs_search_retry,4,8,0,0,,,48,"Upload feed was checked, but other top channels already show coverage; targeted search should keep retrying this pair."
Gatta Kusthi 2,Delite Cinemas,8,UCAPY9agmayYQ5-tYikGlxhA,general_review,checked_needs_search_retry,4,8,0,0,,,48,"Upload feed was checked, but other top channels already show coverage; targeted search should keep retrying this pair."
Karuppu,Delite Cinemas,8,UCAPY9agmayYQ5-tYikGlxhA,general_review,checked_needs_search_retry,4,8,0,0,,,48,"Upload feed was checked, but other top channels already show coverage; targeted search should keep retrying this pair."
Love Oh Love,Delite Cinemas,8,UCAPY9agmayYQ5-tYikGlxhA,general_review,checked_needs_search_retry,4,8,0,0,,,48,"Upload feed was checked, but other top channels already show coverage; targeted search should keep retrying this pair."
Parimala and Co,Delite Cinemas,8,UCAPY9agmayYQ5-tYikGlxhA,general_review,checked_needs_search_retry,4,8,0,0,,,48,"Upload feed was checked, but other top channels already show coverage; targeted search should keep retrying this pair."
Youth,Delite Cinemas,8,UCAPY9agmayYQ5-tYikGlxhA,general_review,checked_needs_search_retry,4,8,0,0,,,48,"Upload feed was checked, but other top channels already show coverage; targeted search should keep retrying this pair."
Anbe Diana,Sudhir Srinivasan,7,UCSHTtPCL2CV5eoj9uMPz_tg,critic_review,checked_needs_search_retry,4,8,0,0,,,47,"Upload feed was checked, but other top channels already show coverage; targeted search should keep retrying this pair."
Con City,Sudhir Srinivasan,7,UCSHTtPCL2CV5eoj9uMPz_tg,critic_review,checked_needs_search_retry,4,8,0,0,,,47,"Upload feed was checked, but other top channels already show coverage; targeted search should keep retrying this pair."
Gandhi Talks,Sudhir Srinivasan,7,UCSHTtPCL2CV5eoj9uMPz_tg,critic_review,checked_needs_search_retry,4,8,0,0,,,47,"Upload feed was checked, but other top channels already show coverage; targeted search should keep retrying this pair."
Gatta Kusthi 2,Sudhir Srinivasan,7,UCSHTtPCL2CV5eoj9uMPz_tg,critic_review,checked_needs_search_retry,4,8,0,0,,,47,"Upload feed was checked, but other top channels already show coverage; targeted search should keep retrying this pair."
Karuppu,Sudhir Srinivasan,7,UCSHTtPCL2CV5eoj9uMPz_tg,critic_review,checked_needs_search_retry,4,8,0,0,,,47,"Upload feed was checked, but other top channels already show coverage; targeted search should keep retrying this pair."
Love Oh Love,Sudhir Srinivasan,7,UCSHTtPCL2CV5eoj9uMPz_tg,critic_review,checked_needs_search_retry,4,8,0,0,,,47,"Upload feed was checked, but other top channels already show coverage; targeted search should keep retrying this pair."
Parimala and Co,Sudhir Srinivasan,7,UCSHTtPCL2CV5eoj9uMPz_tg,critic_review,checked_needs_search_retry,4,8,0,0,,,47,"Upload feed was checked, but other top channels already show coverage; targeted search should keep retrying this pair."
Youth,Sudhir Srinivasan,7,UCSHTtPCL2CV5eoj9uMPz_tg,critic_review,checked_needs_search_retry,4,8,0,0,,,47,"Upload feed was checked, but other top channels already show coverage; targeted search should keep retrying this pair."
Anbe Diana,Galatta Plus,6,UCTTUsQJAdGSd2mMsGGfvzhQ,critic_review,checked_needs_search_retry,4,8,0,0,,,46,"Upload feed was checked, but other top channels already show coverage; targeted search should keep retrying this pair."
Con City,Galatta Plus,6,UCTTUsQJAdGSd2mMsGGfvzhQ,critic_review,checked_needs_search_retry,4,8,0,0,,,46,"Upload feed was checked, but other top channels already show coverage; targeted search should keep retrying this pair."
Gandhi Talks,Galatta Plus,6,UCTTUsQJAdGSd2mMsGGfvzhQ,critic_review,checked_needs_search_retry,4,8,0,0,,,46,"Upload feed was checked, but other top channels already show coverage; targeted search should keep retrying this pair."
Gatta Kusthi 2,Galatta Plus,6,UCTTUsQJAdGSd2mMsGGfvzhQ,critic_review,fetched_with_comments,4,8,0,13,,,46,Comment evidence from this channel is stored.
Karuppu,Galatta Plus,6,UCTTUsQJAdGSd2mMsGGfvzhQ,critic_review,checked_needs_search_retry,4,8,0,0,,,46,"Upload feed was checked, but other top channels already show coverage; targeted search should keep retrying this pair."
Love Oh Love,Galatta Plus,6,UCTTUsQJAdGSd2mMsGGfvzhQ,critic_review,fetched_with_comments,4,8,0,14,,,46,Comment evidence from this channel is stored.
Parimala and Co,Galatta Plus,6,UCTTUsQJAdGSd2mMsGGfvzhQ,critic_review,checked_needs_search_retry,4,8,0,0,,,46,"Upload feed was checked, but other top channels already show coverage; targeted search should keep retrying this pair."
Youth,Galatta Plus,6,UCTTUsQJAdGSd2mMsGGfvzhQ,critic_review,fetched_with_comments,4,8,1,27,,2026-07-15T14:24:12.509656+00:00,46,Comment evidence from this channel is stored.
Anbe Diana,Empty Hand,5,UC8_aMwsn53tncdH-5iLu8-w,roast_commentary,checked_needs_search_retry,4,8,0,0,,,45,"Upload feed was checked, but other top channels already show coverage; targeted search should keep retrying this pair."
Con City,Empty Hand,5,UC8_aMwsn53tncdH-5iLu8-w,roast_commentary,checked_needs_search_retry,4,8,0,0,,,45,"Upload feed was checked, but other top channels already show coverage; targeted search should keep retrying this pair."
Gandhi Talks,Empty Hand,5,UC8_aMwsn53tncdH-5iLu8-w,roast_commentary,checked_needs_search_retry,4,8,0,0,,,45,"Upload feed was checked, but other top channels already show coverage; targeted search should keep retrying this pair."
Gatta Kusthi 2,Empty Hand,5,UC8_aMwsn53tncdH-5iLu8-w,roast_commentary,checked_needs_search_retry,4,8,0,0,,,45,"Upload feed was checked, but other top channels already show coverage; targeted search should keep retrying this pair."
Karuppu,Empty Hand,5,UC8_aMwsn53tncdH-5iLu8-w,roast_commentary,fetched_with_comments,4,8,1,503,2026-05-15T14:42:16+00:00,2026-07-18T12:44:20.615962+00:00,45,Comment evidence from this channel is stored.
Love Oh Love,Empty Hand,5,UC8_aMwsn53tncdH-5iLu8-w,roast_commentary,checked_needs_search_retry,4,8,0,0,,,45,"Upload feed was checked, but other top channels already show coverage; targeted search should keep retrying this pair."
Parimala and Co,Empty Hand,5,UC8_aMwsn53tncdH-5iLu8-w,roast_commentary,checked_needs_search_retry,4,8,0,0,,,45,"Upload feed was checked, but other top channels already show coverage; targeted search should keep retrying this pair."
Youth,Empty Hand,5,UC8_aMwsn53tncdH-5iLu8-w,roast_commentary,checked_needs_search_retry,4,8,0,0,,,45,"Upload feed was checked, but other top channels already show coverage; targeted search should keep retrying this pair."
Anbe Diana,Second Show,4,UCDyoch6mtkeC_5lNkI9W2OQ,general_review,fetched_with_comments,4,8,1,37,2026-07-18T03:59:21+00:00,2026-08-03T15:05:15.978392+00:00,44,Comment evidence from this channel is stored.
Con City,Second Show,4,UCDyoch6mtkeC_5lNkI9W2OQ,general_review,fetched_with_comments,4,8,1,20,2026-06-28T11:18:11+00:00,2026-08-03T15:05:15.978392+00:00,44,Comment evidence from this channel is stored.
Gandhi Talks,Second Show,4,UCDyoch6mtkeC_5lNkI9W2OQ,general_review,fetched_with_comments,4,8,1,20,2026-02-08T11:21:51+00:00,2026-07-18T12:44:20.615962+00:00,44,Comment evidence from this channel is stored.
Gatta Kusthi 2,Second Show,4,UCDyoch6mtkeC_5lNkI9W2OQ,general_review,fetched_with_comments,4,8,1,29,2026-07-09T14:05:56+00:00,2026-08-03T15:05:15.978392+00:00,44,Comment evidence from this channel is stored.
Karuppu,Second Show,4,UCDyoch6mtkeC_5lNkI9W2OQ,general_review,checked_needs_search_retry,4,8,0,0,,,44,"Upload feed was checked, but other top channels already show coverage; targeted search should keep retrying this pair."
Love Oh Love,Second Show,4,UCDyoch6mtkeC_5lNkI9W2OQ,general_review,checked_needs_search_retry,4,8,0,0,,,44,"Upload feed was checked, but other top channels already show coverage; targeted search should keep retrying this pair."
Parimala and Co,Second Show,4,UCDyoch6mtkeC_5lNkI9W2OQ,general_review,fetched_with_comments,4,8,1,33,2026-06-06T07:58:21+00:00,2026-07-18T11:19:25.278660+00:00,44,Comment evidence from this channel is stored.
Youth,Second Show,4,UCDyoch6mtkeC_5lNkI9W2OQ,general_review,checked_needs_search_retry,4,8,0,0,,,44,"Upload feed was checked, but other top channels already show coverage; targeted search should keep retrying this pair."
Anbe Diana,Filmi Craft,3,UClF9UTljviumfJf7t-VR5tg,general_review,fetched_with_comments,4,8,1,76,2026-07-17T13:23:05+00:00,2026-08-03T15:05:15.978392+00:00,43,Comment evidence from this channel is stored.
Con City,Filmi Craft,3,UClF9UTljviumfJf7t-VR5tg,general_review,fetched_with_comments,4,8,1,5,2026-07-01T10:14:10+00:00,2026-08-03T15:05:15.978392+00:00,43,Comment evidence from this channel is stored.
Gandhi Talks,Filmi Craft,3,UClF9UTljviumfJf7t-VR5tg,general_review,fetched_with_comments,4,8,1,90,2026-01-30T05:21:18+00:00,2026-07-18T12:44:20.615962+00:00,43,Comment evidence from this channel is stored.
Gatta Kusthi 2,Filmi Craft,3,UClF9UTljviumfJf7t-VR5tg,general_review,fetched_with_comments,4,8,1,105,2026-07-03T04:04:35+00:00,2026-08-03T15:05:15.978392+00:00,43,Comment evidence from this channel is stored.
Karuppu,Filmi Craft,3,UClF9UTljviumfJf7t-VR5tg,general_review,fetched_with_comments,4,8,1,345,2026-05-15T08:26:19+00:00,2026-07-18T11:19:25.278660+00:00,43,Comment evidence from this channel is stored.
Love Oh Love,Filmi Craft,3,UClF9UTljviumfJf7t-VR5tg,general_review,fetched_with_comments,4,8,1,42,2026-07-11T03:32:38+00:00,2026-08-03T15:05:15.978392+00:00,43,Comment evidence from this channel is stored.
Parimala and Co,Filmi Craft,3,UClF9UTljviumfJf7t-VR5tg,general_review,fetched_with_comments,4,8,1,109,2026-06-05T10:17:39+00:00,2026-07-18T11:19:25.278660+00:00,43,Comment evidence from this channel is stored.
Youth,Filmi Craft,3,UClF9UTljviumfJf7t-VR5tg,general_review,fetched_with_comments,4,8,1,116,2026-03-19T10:39:36+00:00,2026-07-18T11:19:25.278660+00:00,43,Comment evidence from this channel is stored.
Anbe Diana,KaKi's Talkies,2,UC3Rey0d4AtvWyHVu0SC-VXA,general_review,fetched_with_comments,4,8,1,28,2026-07-17T15:38:04+00:00,2026-08-03T12:46:01.766787+00:00,42,Comment evidence from this channel is stored.
Con City,KaKi's Talkies,2,UC3Rey0d4AtvWyHVu0SC-VXA,general_review,tracked_no_comments,4,8,1,0,2026-07-08T05:30:10+00:00,2026-08-03T14:49:26.642188+00:00,42,"Review evidence tracked, but no stored comments yet."
Gandhi Talks,KaKi's Talkies,2,UC3Rey0d4AtvWyHVu0SC-VXA,general_review,fetched_with_comments,4,8,1,21,2026-01-30T14:47:05+00:00,2026-07-18T12:44:20.615962+00:00,42,Comment evidence from this channel is stored.
Gatta Kusthi 2,KaKi's Talkies,2,UC3Rey0d4AtvWyHVu0SC-VXA,general_review,checked_needs_search_retry,4,8,0,0,,,42,"Upload feed was checked, but other top channels already show coverage; targeted search should keep retrying this pair."
Karuppu,KaKi's Talkies,2,UC3Rey0d4AtvWyHVu0SC-VXA,general_review,fetched_with_comments,4,8,1,50,,2026-07-15T14:24:12.509656+00:00,42,Comment evidence from this channel is stored.
Love Oh Love,KaKi's Talkies,2,UC3Rey0d4AtvWyHVu0SC-VXA,general_review,fetched_with_comments,4,8,2,20,2026-07-15T08:11:09+00:00,2026-08-03T15:05:15.978392+00:00,42,Comment evidence from this channel is stored.
Parimala and Co,KaKi's Talkies,2,UC3Rey0d4AtvWyHVu0SC-VXA,general_review,fetched_with_comments,4,8,1,61,2026-06-05T09:45:55+00:00,2026-07-18T11:19:25.278660+00:00,42,Comment evidence from this channel is stored.
Youth,KaKi's Talkies,2,UC3Rey0d4AtvWyHVu0SC-VXA,general_review,fetched_with_comments,4,8,1,40,,2026-07-15T14:24:12.509656+00:00,42,Comment evidence from this channel is stored.
Anbe Diana,Tamil Talkies,1,UCkI-SYGC8fxPNcp6FsX4SRQ,roast_commentary,fetched_with_comments,4,8,2,180,2026-07-20T16:37:16+00:00,2026-08-03T15:05:15.978392+00:00,41,Comment evidence from this channel is stored.
Con City,Tamil Talkies,1,UCkI-SYGC8fxPNcp6FsX4SRQ,roast_commentary,fetched_with_comments,4,8,2,135,2026-06-29T17:44:08+00:00,2026-08-03T15:05:15.978392+00:00,41,Comment evidence from this channel is stored.
Gandhi Talks,Tamil Talkies,1,UCkI-SYGC8fxPNcp6FsX4SRQ,roast_commentary,fetched_with_comments,4,8,2,170,2026-02-02T18:41:36+00:00,2026-07-18T12:44:20.615962+00:00,41,Comment evidence from this channel is stored.
Gatta Kusthi 2,Tamil Talkies,1,UCkI-SYGC8fxPNcp6FsX4SRQ,roast_commentary,fetched_with_comments,4,8,2,395,2026-07-06T16:51:58+00:00,2026-08-03T15:05:15.978392+00:00,41,Comment evidence from this channel is stored.
Karuppu,Tamil Talkies,1,UCkI-SYGC8fxPNcp6FsX4SRQ,roast_commentary,fetched_with_comments,4,8,1,503,2026-05-15T23:01:29+00:00,2026-07-18T12:44:20.615962+00:00,41,Comment evidence from this channel is stored.
Love Oh Love,Tamil Talkies,1,UCkI-SYGC8fxPNcp6FsX4SRQ,roast_commentary,fetched_with_comments,4,8,2,65,2026-07-14T02:12:49+00:00,2026-08-03T15:05:15.978392+00:00,41,Comment evidence from this channel is stored.
Parimala and Co,Tamil Talkies,1,UCkI-SYGC8fxPNcp6FsX4SRQ,roast_commentary,fetched_with_comments,4,8,2,224,2026-06-08T17:13:21+00:00,2026-07-18T12:44:20.615962+00:00,41,Comment evidence from this channel is stored.
Youth,Tamil Talkies,1,UCkI-SYGC8fxPNcp6FsX4SRQ,roast_commentary,fetched_with_comments,4,8,1,462,2026-03-19T22:43:50+00:00,2026-07-18T12:44:20.615962+00:00,41,Comment evidence from this channel is stored.
Idhayam Murali,Delite Cinemas,8,UCAPY9agmayYQ5-tYikGlxhA,general_review,checked_needs_search_retry,5,8,0,0,,,38,"Upload feed was checked, but other top channels already show coverage; targeted search should keep retrying this pair."
Thaai Kizhavi,Delite Cinemas,8,UCAPY9agmayYQ5-tYikGlxhA,general_review,checked_needs_search_retry,5,8,0,0,,,38,"Upload feed was checked, but other top channels already show coverage; targeted search should keep retrying this pair."
Idhayam Murali,Sudhir Srinivasan,7,UCSHTtPCL2CV5eoj9uMPz_tg,critic_review,fetched_with_comments,5,8,0,1,,,37,Comment evidence from this channel is stored.
Thaai Kizhavi,Sudhir Srinivasan,7,UCSHTtPCL2CV5eoj9uMPz_tg,critic_review,fetched_with_comments,5,8,1,43,,2026-07-15T14:24:12.509656+00:00,37,Comment evidence from this channel is stored.
Idhayam Murali,Galatta Plus,6,UCTTUsQJAdGSd2mMsGGfvzhQ,critic_review,checked_needs_search_retry,5,8,0,0,,,36,"Upload feed was checked, but other top channels already show coverage; targeted search should keep retrying this pair."
Thaai Kizhavi,Galatta Plus,6,UCTTUsQJAdGSd2mMsGGfvzhQ,critic_review,checked_needs_search_retry,5,8,0,0,,,36,"Upload feed was checked, but other top channels already show coverage; targeted search should keep retrying this pair."
Idhayam Murali,Empty Hand,5,UC8_aMwsn53tncdH-5iLu8-w,roast_commentary,checked_needs_search_retry,5,8,0,0,,,35,"Upload feed was checked, but other top channels already show coverage; targeted search should keep retrying this pair."
Thaai Kizhavi,Empty Hand,5,UC8_aMwsn53tncdH-5iLu8-w,roast_commentary,checked_needs_search_retry,5,8,0,0,,,35,"Upload feed was checked, but other top channels already show coverage; targeted search should keep retrying this pair."
Idhayam Murali,Second Show,4,UCDyoch6mtkeC_5lNkI9W2OQ,general_review,fetched_with_comments,5,8,1,34,2026-07-18T14:59:24+00:00,2026-08-03T15:05:15.978392+00:00,34,Comment evidence from this channel is stored.
Thaai Kizhavi,Second Show,4,UCDyoch6mtkeC_5lNkI9W2OQ,general_review,fetched_with_comments,5,8,1,128,2026-02-27T00:00:06+00:00,2026-07-18T11:19:25.278660+00:00,34,Comment evidence from this channel is stored.
Idhayam Murali,Filmi Craft,3,UClF9UTljviumfJf7t-VR5tg,general_review,fetched_with_comments,5,8,2,124,2026-07-14T14:13:12+00:00,2026-08-03T15:05:15.978392+00:00,33,Comment evidence from this channel is stored.
Thaai Kizhavi,Filmi Craft,3,UClF9UTljviumfJf7t-VR5tg,general_review,fetched_with_comments,5,8,1,126,2026-02-27T05:15:35+00:00,2026-07-18T11:19:25.278660+00:00,33,Comment evidence from this channel is stored.
Idhayam Murali,KaKi's Talkies,2,UC3Rey0d4AtvWyHVu0SC-VXA,general_review,fetched_with_comments,5,8,1,67,2026-07-10T11:25:22+00:00,2026-08-03T15:05:15.978392+00:00,32,Comment evidence from this channel is stored.
Thaai Kizhavi,KaKi's Talkies,2,UC3Rey0d4AtvWyHVu0SC-VXA,general_review,fetched_with_comments,5,8,1,57,2026-02-26T15:30:00+00:00,2026-07-18T11:19:25.278660+00:00,32,Comment evidence from this channel is stored.
Idhayam Murali,Tamil Talkies,1,UCkI-SYGC8fxPNcp6FsX4SRQ,roast_commentary,fetched_with_comments,5,8,1,250,2026-07-10T22:00:12+00:00,2026-08-03T15:05:15.978392+00:00,31,Comment evidence from this channel is stored.
Thaai Kizhavi,Tamil Talkies,1,UCkI-SYGC8fxPNcp6FsX4SRQ,roast_commentary,fetched_with_comments,5,8,1,500,2026-02-26T21:36:56+00:00,2026-07-18T12:44:20.615962+00:00,31,Comment evidence from this channel is stored.
Jana Nayagan,Delite Cinemas,8,UCAPY9agmayYQ5-tYikGlxhA,general_review,checked_needs_search_retry,6,8,0,0,,,28,"Upload feed was checked, but other top channels already show coverage; targeted search should keep retrying this pair."
Jana Nayagan,Sudhir Srinivasan,7,UCSHTtPCL2CV5eoj9uMPz_tg,critic_review,fetched_with_comments,6,8,0,73,,,27,Comment evidence from this channel is stored.
Jana Nayagan,Galatta Plus,6,UCTTUsQJAdGSd2mMsGGfvzhQ,critic_review,fetched_with_comments,6,8,1,192,2026-07-23T08:54:53+00:00,2026-08-03T15:05:15.978392+00:00,26,Comment evidence from this channel is stored.
Jana Nayagan,Empty Hand,5,UC8_aMwsn53tncdH-5iLu8-w,roast_commentary,fetched_with_comments,6,8,1,303,2026-07-23T14:19:57+00:00,2026-08-03T15:05:15.978392+00:00,25,Comment evidence from this channel is stored.
Jana Nayagan,Second Show,4,UCDyoch6mtkeC_5lNkI9W2OQ,general_review,checked_needs_search_retry,6,8,0,0,,,24,"Upload feed was checked, but other top channels already show coverage; targeted search should keep retrying this pair."
Jana Nayagan,Filmi Craft,3,UClF9UTljviumfJf7t-VR5tg,general_review,fetched_with_comments,6,8,1,300,2026-07-23T08:57:04+00:00,2026-08-03T15:05:15.978392+00:00,23,Comment evidence from this channel is stored.
Jana Nayagan,KaKi's Talkies,2,UC3Rey0d4AtvWyHVu0SC-VXA,general_review,fetched_with_comments,6,8,1,136,2026-07-23T11:59:41+00:00,2026-08-03T14:23:08.489979+00:00,22,Comment evidence from this channel is stored.
Jana Nayagan,Tamil Talkies,1,UCkI-SYGC8fxPNcp6FsX4SRQ,roast_commentary,fetched_with_comments,6,8,1,348,2026-07-24T02:18:26+00:00,2026-08-03T15:05:15.978392+00:00,21,Comment evidence from this channel is stored.
